slot,channel,audience,asset,format,cta,status
01,website,everyday privacy users,blog.html,article,https://apps.apple.com/us/app/pebble-mind/id6799536766,READY_SITE_FILE
02,X,everyday privacy users,outbox/2026-09-03/x.md,short post,https://apps.apple.com/us/app/pebble-mind/id6799536766,DRAFTED
03,Reddit,everyday privacy users,outbox/2026-09-04/reddit.md,relevant reply,https://apps.apple.com/us/app/pebble-mind/id6799536766,DRAFTED
04,LinkedIn,everyday privacy users,outbox/2026-09-04/linkedin.md,plain-language post,https://apps.apple.com/us/app/pebble-mind/id6799536766,DRAFTED
05,YouTube Shorts,everyday privacy users,outbox/2026-09-03/short-video.md,screen recording,https://apps.apple.com/us/app/pebble-mind/id6799536766,SCRIPT_READY
06,Instagram Reels,everyday privacy users,outbox/2026-09-04/short-video.md,screen recording,https://apps.apple.com/us/app/pebble-mind/id6799536766,SCRIPT_READY
07,TikTok,everyday privacy users,outbox/2026-09-05/short-video.md,screen recording,https://apps.apple.com/us/app/pebble-mind/id6799536766,SCRIPT_READY
08,X,Apple users,outbox/2026-09-04/x.md,short post,https://apps.apple.com/us/app/pebble-mind/id6799536766,DRAFTED
09,Reddit,Apple users,outbox/2026-09-05/reddit.md,relevant reply,https://apps.apple.com/us/app/pebble-mind/id6799536766,DRAFTED
10,Bluesky,privacy users,outbox/2026-09-06/localized-social.md,localized post,https://apps.apple.com/us/app/pebble-mind/id6799536766,FLUENT_REVIEW_REQUIRED
11,Mastodon,privacy users,outbox/2026-09-06/localized-social.md,localized post,https://apps.apple.com/us/app/pebble-mind/id6799536766,FLUENT_REVIEW_REQUIRED
12,Dev.to,developers,blog/2026-09-03-private-ai-on-iphone.md,article adaptation,https://apps.apple.com/us/app/pebble-mind/id6799536766,DRAFTED
13,X,developers,outbox/2026-09-03/x.md,build-note post,https://apps.apple.com/us/app/pebble-mind/id6799536766,DRAFTED
14,Product Hunt,early adopters,../MARKETING_EXECUTION_PLAN.md,listing/update,https://apps.apple.com/us/app/pebble-mind/id6799536766,MAKER_REQUIRED
15,website,everyday users,blog-getting-started.html,article,https://apps.apple.com/us/app/pebble-mind/id6799536766,READY_SITE_FILE
16,X,everyday users,outbox/2026-09-05/x.md,short post,https://apps.apple.com/us/app/pebble-mind/id6799536766,DRAFTED
17,LinkedIn,everyday users,outbox/2026-09-05/linkedin.md,plain-language post,https://apps.apple.com/us/app/pebble-mind/id6799536766,DRAFTED
18,website,everyday users,blog-everyday-uses.html,article,https://apps.apple.com/us/app/pebble-mind/id6799536766,READY_SITE_FILE
19,Reddit,privacy users,outbox/2026-09-03/reddit.md,relevant reply,https://apps.apple.com/us/app/pebble-mind/id6799536766,DRAFTED
20,X,worldwide users,outbox/2026-09-06/localized-social.md,localized post,https://apps.apple.com/us/app/pebble-mind/id6799536766,FLUENT_REVIEW_REQUIRED
